2015317110010,../res/hzau/coi/2015317110010.jpg,5.1,coi,LucasX
2015317110011,../res/hzau/coi/2015317110011.jpg,7.3,coi,LucasX
2015317110012,../res/hzau/coi/2015317110012.jpg,4.7,coi,LucasX
2015317110014,../res/hzau/coi/2015317110014.jpg,4.8,coi,LucasX
2015317110015,../res/hzau/coi/2015317110015.jpg,6.8,coi,LucasX
2015317110016,../res/hzau/coi/2015317110016.jpg,4.9,coi,LucasX
2015317110017,../res/hzau/coi/2015317110017.jpg,5.2,coi,LucasX
2016301110011,../res/hzau/plant/2016301110011.jpg,4.9,plant,LucasX
2016301110012,../res/hzau/plant/2016301110012.jpg,5.3,plant,LucasX
2016301110013,../res/hzau/plant/2016301110013.jpg,4.7,plant,LucasX
2016301110014,../res/hzau/plant/2016301110014.jpg,5.2,plant,LucasX
2016301110016,../res/hzau/plant/2016301110016.jpg,5.4,plant,LucasX
2016301110017,../res/hzau/plant/2016301110017.jpg,4.7,plant,LucasX
2016301110019,../res/hzau/plant/2016301110019.jpg,4.6,plant,LucasX
2016301110020,../res/hzau/plant/2016301110020.jpg,6.1,plant,LucasX
2016301110021,../res/hzau/plant/2016301110021.jpg,5.2,plant,LucasX
2016301110022,../res/hzau/plant/2016301110022.jpg,4.5,plant,LucasX
2016301110023,../res/hzau/plant/2016301110023.jpg,4.4,plant,LucasX
2016301110024,../res/hzau/plant/2016301110024.jpg,5.4,plant,LucasX
2016301110025,../res/hzau/plant/2016301110025.jpg,4.3,plant,LucasX
2016301110026,../res/hzau/plant/2016301110026.jpg,4.6,plant,LucasX
2016301110027,../res/hzau/plant/2016301110027.jpg,6.4,plant,LucasX
2016301110028,../res/hzau/plant/2016301110028.jpg,6.1,plant,LucasX
2016301110029,../res/hzau/plant/2016301110029.jpg,5.1,plant,LucasX
2016301110030,../res/hzau/plant/2016301110030.jpg,4.5,plant,LucasX
2016301110031,../res/hzau/plant/2016301110031.jpg,4.7,plant,LucasX
2016301110032,../res/hzau/plant/2016301110032.jpg,6.6,plant,LucasX
2016301110033,../res/hzau/plant/2016301110033.jpg,6.7,plant,LucasX
2016301110037,../res/hzau/plant/2016301110037.jpg,4.6,plant,LucasX
2016301110038,../res/hzau/plant/2016301110038.jpg,4.6,plant,LucasX
2016301110039,../res/hzau/plant/2016301110039.jpg,4.5,plant,LucasX
2016301110040,../res/hzau/plant/2016301110040.jpg,6.6,plant,LucasX
2016301110042,../res/hzau/plant/2016301110042.jpg,6.8,plant,LucasX
2016301110043,../res/hzau/plant/2016301110043.jpg,5.7,plant,LucasX
2016301110044,../res/hzau/plant/2016301110044.jpg,5.9,plant,LucasX
2016301110045,../res/hzau/plant/2016301110045.jpg,6.1,plant,LucasX
2016301110046,../res/hzau/plant/2016301110046.jpg,5.7,plant,LucasX
2016301110047,../res/hzau/plant/2016301110047.jpg,5.6,plant,LucasX
2016301110048,../res/hzau/plant/2016301110048.jpg,7.1,plant,LucasX
2016301110049,../res/hzau/plant/2016301110049.jpg,6.1,plant,LucasX
2016301110051,../res/hzau/plant/2016301110051.jpg,5.6,plant,LucasX
2016301110052,../res/hzau/plant/2016301110052.jpg,4.3,plant,LucasX
2016301110053,../res/hzau/plant/2016301110053.jpg,4.4,plant,LucasX
2016301110054,../res/hzau/plant/2016301110054.jpg,4.7,plant,LucasX
2016301110055,../res/hzau/plant/2016301110055.jpg,5.6,plant,LucasX
2016301110056,../res/hzau/plant/2016301110056.jpg,4.5,plant,LucasX
2016301110057,../res/hzau/plant/2016301110057.jpg,6.1,plant,LucasX
2016301110058,../res/hzau/plant/2016301110058.jpg,4.5,plant,LucasX
2016301110059,../res/hzau/plant/2016301110059.jpg,4.7,plant,LucasX
2016301110060,../res/hzau/plant/2016301110060.jpg,6.2,plant,LucasX
2016301110061,../res/hzau/plant/2016301110061.jpg,5.2,plant,LucasX
2016301110062,../res/hzau/plant/2016301110062.jpg,6.9,plant,LucasX
2016301110063,../res/hzau/plant/2016301110063.jpg,7.1,plant,LucasX
2016301110064,../res/hzau/plant/2016301110064.jpg,5.3,plant,LucasX
2016301110066,../res/hzau/plant/2016301110066.jpg,4.8,plant,LucasX
2016301110067,../res/hzau/plant/2016301110067.jpg,6.6,plant,LucasX
2016301110068,../res/hzau/plant/2016301110068.jpg,5.6,plant,LucasX
2016301110070,../res/hzau/plant/2016301110070.jpg,6.2,plant,LucasX
2016301110071,../res/hzau/plant/2016301110071.jpg,6.8,plant,LucasX
2016301110072,../res/hzau/plant/2016301110072.jpg,5.2,plant,LucasX
2016301110073,../res/hzau/plant/2016301110073.jpg,5.3,plant,LucasX
2016301110074,../res/hzau/plant/2016301110074.jpg,5.1,plant,LucasX
2016301110075,../res/hzau/plant/2016301110075.jpg,6.3,plant,LucasX
2016301110076,../res/hzau/plant/2016301110076.jpg,5.4,plant,LucasX
2016301110077,../res/hzau/plant/2016301110077.jpg,5.7,plant,LucasX
2016301110078,../res/hzau/plant/2016301110078.jpg,4.6,plant,LucasX
2016301110080,../res/hzau/plant/2016301110080.jpg,4.5,plant,LucasX
2016301110081,../res/hzau/plant/2016301110081.jpg,4.7,plant,LucasX
2016301110082,../res/hzau/plant/2016301110082.jpg,6.4,plant,LucasX
2016301110083,../res/hzau/plant/2016301110083.jpg,4.6,plant,LucasX
2016301110084,../res/hzau/plant/2016301110084.jpg,5.6,plant,LucasX
2016301110085,../res/hzau/plant/2016301110085.jpg,8.3,plant,LucasX
2016301110086,../res/hzau/plant/2016301110086.jpg,4.9,plant,LucasX
2016301110089,../res/hzau/plant/2016301110089.jpg,4.7,plant,LucasX
2016301110090,../res/hzau/plant/2016301110090.jpg,4.7,plant,LucasX
2016301110092,../res/hzau/plant/2016301110092.jpg,7.2,plant,LucasX
2016301110093,../res/hzau/plant/2016301110093.jpg,5.2,plant,LucasX
2016301110094,../res/hzau/plant/2016301110094.jpg,5.1,plant,LucasX
2016301110095,../res/hzau/plant/2016301110095.jpg,5.1,plant,LucasX
2016301110096,../res/hzau/plant/2016301110096.jpg,4.7,plant,LucasX
2016301110097,../res/hzau/plant/2016301110097.jpg,4.3,plant,LucasX
2016301110098,../res/hzau/plant/2016301110098.jpg,3.7,plant,LucasX
2016301110099,../res/hzau/plant/2016301110099.jpg,5.2,plant,LucasX
2016302010043,../res/hzau/animal/2016302010043.jpg,5.2,animal,LucasX
2016302110011,../res/hzau/animal/2016302110011.jpg,5.4,animal,LucasX
2016302110012,../res/hzau/animal/2016302110012.jpg,5.1,animal,LucasX
2016302110013,../res/hzau/animal/2016302110013.jpg,5.3,animal,LucasX
2016302110014,../res/hzau/animal/2016302110014.jpg,4.7,animal,LucasX
2016302110015,../res/hzau/animal/2016302110015.jpg,5.3,animal,LucasX
2016302110016,../res/hzau/animal/2016302110016.jpg,5.1,animal,LucasX
2016302110017,../res/hzau/animal/2016302110017.jpg,5.4,animal,LucasX
2016302110018,../res/hzau/animal/2016302110018.jpg,5.7,animal,LucasX
2016302110019,../res/hzau/animal/2016302110019.jpg,5.3,animal,LucasX
2016302110020,../res/hzau/animal/2016302110020.jpg,4.9,animal,LucasX
2016302110021,../res/hzau/animal/2016302110021.jpg,4.4,animal,LucasX
2016302110022,../res/hzau/animal/2016302110022.jpg,4.5,animal,LucasX
2016302110024,../res/hzau/animal/2016302110024.jpg,7.1,animal,LucasX
2016302110025,../res/hzau/animal/2016302110025.jpg,6.8,animal,LucasX
2016302110026,../res/hzau/animal/2016302110026.jpg,5.6,animal,LucasX
2016302110027,../res/hzau/animal/2016302110027.jpg,5.4,animal,LucasX
2016302110028,../res/hzau/animal/2016302110028.jpg,4.6,animal,LucasX
2016302110029,../res/hzau/animal/2016302110029.jpg,5.1,animal,LucasX
2016302110030,../res/hzau/animal/2016302110030.jpg,5.4,animal,LucasX
2016302110031,../res/hzau/animal/2016302110031.jpg,5.1,animal,LucasX
2016302110032,../res/hzau/animal/2016302110032.jpg,5,animal,LucasX
2016302110033,../res/hzau/animal/2016302110033.jpg,4.8,animal,LucasX
2016302110034,../res/hzau/animal/2016302110034.jpg,4.6,animal,LucasX
2016302110035,../res/hzau/animal/2016302110035.jpg,4.5,animal,LucasX
2016302110036,../res/hzau/animal/2016302110036.jpg,6.9,animal,LucasX
2016302110037,../res/hzau/animal/2016302110037.jpg,4.5,animal,LucasX
2016302110038,../res/hzau/animal/2016302110038.jpg,7.1,animal,LucasX
2016302110039,../res/hzau/animal/2016302110039.jpg,4.9,animal,LucasX
2016302110040,../res/hzau/animal/2016302110040.jpg,4.9,animal,LucasX
2016302110041,../res/hzau/animal/2016302110041.jpg,6.4,animal,LucasX
2016302110042,../res/hzau/animal/2016302110042.jpg,6.1,animal,LucasX
2016302110043,../res/hzau/animal/2016302110043.jpg,8.2,animal,LucasX
2016302110048,../res/hzau/animal/2016302110048.jpg,4.5,animal,LucasX
2016302110055,../res/hzau/animal/2016302110055.jpg,4.5,animal,LucasX
2016302110056,../res/hzau/animal/2016302110056.jpg,4.2,animal,LucasX
2016302110057,../res/hzau/animal/2016302110057.jpg,4.1,animal,LucasX
2016302110059,../res/hzau/animal/2016302110059.jpg,4.2,animal,LucasX
2016302110060,../res/hzau/animal/2016302110060.jpg,3.9,animal,LucasX
2016302110062,../res/hzau/animal/2016302110062.jpg,4.9,animal,LucasX
2016302110063,../res/hzau/animal/2016302110063.jpg,7.9,animal,LucasX
2016302110065,../res/hzau/animal/2016302110065.jpg,4.8,animal,LucasX
2016302110066,../res/hzau/animal/2016302110066.jpg,4.5,animal,LucasX
2016302110070,../res/hzau/animal/2016302110070.jpg,4.4,animal,LucasX
2016302110071,../res/hzau/animal/2016302110071.jpg,6.1,animal,LucasX
2016302110072,../res/hzau/animal/2016302110072.jpg,5.8,animal,LucasX
2016302110073,../res/hzau/animal/2016302110073.jpg,7.5,animal,LucasX
2016302110075,../res/hzau/animal/2016302110075.jpg,4.9,animal,LucasX
2016302110077,../res/hzau/animal/2016302110077.jpg,5.1,animal,LucasX
2016302110079,../res/hzau/animal/2016302110079.jpg,5.1,animal,LucasX
2016302110080,../res/hzau/animal/2016302110080.jpg,5,animal,LucasX
2016302110081,../res/hzau/animal/2016302110081.jpg,4.7,animal,LucasX
2016302110082,../res/hzau/animal/2016302110082.jpg,4.4,animal,LucasX
2016302110083,../res/hzau/animal/2016302110083.jpg,5.6,animal,LucasX
2016302110084,../res/hzau/animal/2016302110084.jpg,4.8,animal,LucasX
2016302110085,../res/hzau/animal/2016302110085.jpg,4.1,animal,LucasX
2016302110086,../res/hzau/animal/2016302110086.jpg,4.9,animal,LucasX
2016302110087,../res/hzau/animal/2016302110087.jpg,5.6,animal,LucasX
2016302110088,../res/hzau/animal/2016302110088.jpg,4.8,animal,LucasX
2016302110089,../res/hzau/animal/2016302110089.jpg,8.1,animal,LucasX
2016302110090,../res/hzau/animal/2016302110090.jpg,5.1,animal,LucasX
2016302110091,../res/hzau/animal/2016302110091.jpg,4.9,animal,LucasX
2016302110092,../res/hzau/animal/2016302110092.jpg,5.5,animal,LucasX
2016302110093,../res/hzau/animal/2016302110093.jpg,5.7,animal,LucasX
2016302110094,../res/hzau/animal/2016302110094.jpg,5.1,animal,LucasX
2016302110096,../res/hzau/animal/2016302110096.jpg,5.2,animal,LucasX
2016302110097,../res/hzau/animal/2016302110097.jpg,5.1,animal,LucasX
2016302110098,../res/hzau/animal/2016302110098.jpg,6.7,animal,LucasX
2016302110099,../res/hzau/animal/2016302110099.jpg,5.1,animal,LucasX
2016302120010,../res/hzau/animal/2016302120010.jpg,5.6,animal,LucasX
2016302120011,../res/hzau/animal/2016302120011.jpg,5.9,animal,LucasX
2016302120012,../res/hzau/animal/2016302120012.jpg,5.1,animal,LucasX
2016302120013,../res/hzau/animal/2016302120013.jpg,5.2,animal,LucasX
2016302120014,../res/hzau/animal/2016302120014.jpg,5.1,animal,LucasX
2016302120015,../res/hzau/animal/2016302120015.jpg,5.2,animal,LucasX
2016302120016,../res/hzau/animal/2016302120016.jpg,4.7,animal,LucasX
2016302120017,../res/hzau/animal/2016302120017.jpg,4.9,animal,LucasX
2016302120018,../res/hzau/animal/2016302120018.jpg,4.9,animal,LucasX
2016302120019,../res/hzau/animal/2016302120019.jpg,4.8,animal,LucasX
2016302120020,../res/hzau/animal/2016302120020.jpg,5.2,animal,LucasX
2016302120021,../res/hzau/animal/2016302120021.jpg,4.9,animal,LucasX
2016302120022,../res/hzau/animal/2016302120022.jpg,4.4,animal,LucasX
2016302120023,../res/hzau/animal/2016302120023.jpg,4.6,animal,LucasX
2016302120024,../res/hzau/animal/2016302120024.jpg,4.5,animal,LucasX
2016302120026,../res/hzau/animal/2016302120026.jpg,4.1,animal,LucasX
2016302120031,../res/hzau/animal/2016302120031.jpg,4.5,animal,LucasX
2016302120032,../res/hzau/animal/2016302120032.jpg,4.5,animal,LucasX
2016302120033,../res/hzau/animal/2016302120033.jpg,4.5,animal,LucasX
2016302120034,../res/hzau/animal/2016302120034.jpg,4.3,animal,LucasX
2016302120035,../res/hzau/animal/2016302120035.jpg,5.2,animal,LucasX
2016302120036,../res/hzau/animal/2016302120036.jpg,5.1,animal,LucasX
2016302120037,../res/hzau/animal/2016302120037.jpg,4.7,animal,LucasX
2016302120038,../res/hzau/animal/2016302120038.jpg,4.5,animal,LucasX
2016302120039,../res/hzau/animal/2016302120039.jpg,5.1,animal,LucasX
2016302120040,../res/hzau/animal/2016302120040.jpg,5.4,animal,LucasX
2016302120041,../res/hzau/animal/2016302120041.jpg,5,animal,LucasX
2016302120042,../res/hzau/animal/2016302120042.jpg,4.4,animal,LucasX
2016302120043,../res/hzau/animal/2016302120043.jpg,4.5,animal,LucasX
2016302120044,../res/hzau/animal/2016302120044.jpg,3.1,animal,LucasX
2016302120046,../res/hzau/animal/2016302120046.jpg,3.8,animal,LucasX
2016302120047,../res/hzau/animal/2016302120047.jpg,4.6,animal,LucasX
2016302120048,../res/hzau/animal/2016302120048.jpg,4.7,animal,LucasX
2016302120049,../res/hzau/animal/2016302120049.jpg,7.8,animal,LucasX
2016302120051,../res/hzau/animal/2016302120051.jpg,6.9,animal,LucasX
2016302120052,../res/hzau/animal/2016302120052.jpg,6.4,animal,LucasX
2016302120053,../res/hzau/animal/2016302120053.jpg,8.1,animal,LucasX
2016302120054,../res/hzau/animal/2016302120054.jpg,5.3,animal,LucasX
2016302120055,../res/hzau/animal/2016302120055.jpg,5.6,animal,LucasX
2016302120056,../res/hzau/animal/2016302120056.jpg,5.4,animal,LucasX
2016302120057,../res/hzau/animal/2016302120057.jpg,6.4,animal,LucasX
2016302120058,../res/hzau/animal/2016302120058.jpg,5.1,animal,LucasX
2016302120059,../res/hzau/animal/2016302120059.jpg,7.4,animal,LucasX
2016302120060,../res/hzau/animal/2016302120060.jpg,5.1,animal,LucasX
2016302120061,../res/hzau/animal/2016302120061.jpg,4.3,animal,LucasX
2016302120062,../res/hzau/animal/2016302120062.jpg,7,animal,LucasX
2016302120064,../res/hzau/animal/2016302120064.jpg,5.1,animal,LucasX
2016302120065,../res/hzau/animal/2016302120065.jpg,6.8,animal,LucasX
2016302120066,../res/hzau/animal/2016302120066.jpg,4.7,animal,LucasX
2016302120067,../res/hzau/animal/2016302120067.jpg,4.5,animal,LucasX
2016302120068,../res/hzau/animal/2016302120068.jpg,5.4,animal,LucasX
2016302120069,../res/hzau/animal/2016302120069.jpg,6.1,animal,LucasX
2016302120070,../res/hzau/animal/2016302120070.jpg,5.4,animal,LucasX
2016302120071,../res/hzau/animal/2016302120071.jpg,5.2,animal,LucasX
2016302120072,../res/hzau/animal/2016302120072.jpg,6.2,animal,LucasX
2016302120073,../res/hzau/animal/2016302120073.jpg,6.7,animal,LucasX
2016302120074,../res/hzau/animal/2016302120074.jpg,5.4,animal,LucasX
2016302120075,../res/hzau/animal/2016302120075.jpg,4.7,animal,LucasX
2016302120076,../res/hzau/animal/2016302120076.jpg,6.5,animal,LucasX
2016302120077,../res/hzau/animal/2016302120077.jpg,5.2,animal,LucasX
2016302120078,../res/hzau/animal/2016302120078.jpg,4.7,animal,LucasX
2016302120079,../res/hzau/animal/2016302120079.jpg,4.9,animal,LucasX
2016302120080,../res/hzau/animal/2016302120080.jpg,5.1,animal,LucasX
2016302120081,../res/hzau/animal/2016302120081.jpg,5.2,animal,LucasX
2016302120082,../res/hzau/animal/2016302120082.jpg,5.2,animal,LucasX
2016302120083,../res/hzau/animal/2016302120083.jpg,4.9,animal,LucasX
2016302120084,../res/hzau/animal/2016302120084.jpg,4.6,animal,LucasX
2016302120085,../res/hzau/animal/2016302120085.jpg,5.1,animal,LucasX
2016302120087,../res/hzau/animal/2016302120087.jpg,5.6,animal,LucasX
2016302120088,../res/hzau/animal/2016302120088.jpg,4.4,animal,LucasX
2016302120090,../res/hzau/animal/2016302120090.jpg,4.5,animal,LucasX
2016302120091,../res/hzau/animal/2016302120091.jpg,4.9,animal,LucasX
2016302120092,../res/hzau/animal/2016302120092.jpg,4.7,animal,LucasX
2016302120093,../res/hzau/animal/2016302120093.jpg,4.6,animal,LucasX
2016302120095,../res/hzau/animal/2016302120095.jpg,3.4,animal,LucasX
2016303010013,../res/hzau/resource/2016303010013.jpg,5.2,resource,LucasX
2016303010017,../res/hzau/resource/2016303010017.jpg,4.9,resource,LucasX
2016303010027,../res/hzau/resource/2016303010027.jpg,4.2,resource,LucasX
2016303110010,../res/hzau/resource/2016303110010.jpg,4.5,resource,LucasX
2016303110011,../res/hzau/resource/2016303110011.jpg,5.6,resource,LucasX
2016303110012,../res/hzau/resource/2016303110012.jpg,7.1,resource,LucasX
2016303110014,../res/hzau/resource/2016303110014.jpg,5.1,resource,LucasX
2016303110015,../res/hzau/resource/2016303110015.jpg,4.9,resource,LucasX
2016303110016,../res/hzau/resource/2016303110016.jpg,4.7,resource,LucasX
2016303110017,../res/hzau/resource/2016303110017.jpg,4.9,resource,LucasX
2016303110018,../res/hzau/resource/2016303110018.jpg,5.6,resource,LucasX
2016303110020,../res/hzau/resource/2016303110020.jpg,4.8,resource,LucasX
2016303110022,../res/hzau/resource/2016303110022.jpg,6.5,resource,LucasX
2016303110023,../res/hzau/resource/2016303110023.jpg,4.6,resource,LucasX
2016303110024,../res/hzau/resource/2016303110024.jpg,4.8,resource,LucasX
2016303110025,../res/hzau/resource/2016303110025.jpg,6.7,resource,LucasX
2016303110026,../res/hzau/resource/2016303110026.jpg,4.3,resource,LucasX
2016303110027,../res/hzau/resource/2016303110027.jpg,5.6,resource,LucasX
2016303110028,../res/hzau/resource/2016303110028.jpg,4.9,resource,LucasX
2016303110029,../res/hzau/resource/2016303110029.jpg,4.3,resource,LucasX
2016303110030,../res/hzau/resource/2016303110030.jpg,7.9,resource,LucasX
2016303110032,../res/hzau/resource/2016303110032.jpg,5.1,resource,LucasX
2016303110033,../res/hzau/resource/2016303110033.jpg,3.4,resource,LucasX
2016303110034,../res/hzau/resource/2016303110034.jpg,4.3,resource,LucasX
2016303110035,../res/hzau/resource/2016303110035.jpg,5.3,resource,LucasX
2016303110036,../res/hzau/resource/2016303110036.jpg,5.6,resource,LucasX
2016303110037,../res/hzau/resource/2016303110037.jpg,5.1,resource,LucasX
2016303110038,../res/hzau/resource/2016303110038.jpg,5.7,resource,LucasX
2016303110039,../res/hzau/resource/2016303110039.jpg,4.8,resource,LucasX
2016303110040,../res/hzau/resource/2016303110040.jpg,4.7,resource,LucasX
2016303110041,../res/hzau/resource/2016303110041.jpg,4.4,resource,LucasX
2016303110042,../res/hzau/resource/2016303110042.jpg,3.6,resource,LucasX
2016303110044,../res/hzau/resource/2016303110044.jpg,4.1,resource,LucasX
2016303110045,../res/hzau/resource/2016303110045.jpg,4,resource,LucasX
2016303110046,../res/hzau/resource/2016303110046.jpg,5.2,resource,LucasX
2016303110047,../res/hzau/resource/2016303110047.jpg,4.4,resource,LucasX
2016303110048,../res/hzau/resource/2016303110048.jpg,4.5,resource,LucasX
2016303110049,../res/hzau/resource/2016303110049.jpg,4.3,resource,LucasX
2016303110050,../res/hzau/resource/2016303110050.jpg,5.1,resource,LucasX
2016303110051,../res/hzau/resource/2016303110051.jpg,4.6,resource,LucasX
2016303110052,../res/hzau/resource/2016303110052.jpg,3.7,resource,LucasX
2016303110053,../res/hzau/resource/2016303110053.jpg,3.5,resource,LucasX
2016303110054,../res/hzau/resource/2016303110054.jpg,6.6,resource,LucasX
2016303110055,../res/hzau/resource/2016303110055.jpg,5.4,resource,LucasX
2016303110056,../res/hzau/resource/2016303110056.jpg,5.1,resource,LucasX
2016303110058,../res/hzau/resource/2016303110058.jpg,5.2,resource,LucasX
2016303110059,../res/hzau/resource/2016303110059.jpg,4.9,resource,LucasX
2016303110061,../res/hzau/resource/2016303110061.jpg,5.2,resource,LucasX
2016303110063,../res/hzau/resource/2016303110063.jpg,4.6,resource,LucasX
2016303110064,../res/hzau/resource/2016303110064.jpg,4.7,resource,LucasX
2016303110065,../res/hzau/resource/2016303110065.jpg,6.8,resource,LucasX
2016303110066,../res/hzau/resource/2016303110066.jpg,4.3,resource,LucasX
2016303110067,../res/hzau/resource/2016303110067.jpg,5.1,resource,LucasX
2016303110069,../res/hzau/resource/2016303110069.jpg,4.6,resource,LucasX
2016303110070,../res/hzau/resource/2016303110070.jpg,5.3,resource,LucasX
2016303110072,../res/hzau/resource/2016303110072.jpg,6.1,resource,LucasX
2016303110073,../res/hzau/resource/2016303110073.jpg,4.7,resource,LucasX
2016303110074,../res/hzau/resource/2016303110074.jpg,4.5,resource,LucasX
2016303110075,../res/hzau/resource/2016303110075.jpg,4.6,resource,LucasX
2016303110076,../res/hzau/resource/2016303110076.jpg,4.3,resource,LucasX
2016303110077,../res/hzau/resource/2016303110077.jpg,4.1,resource,LucasX
2016303110078,../res/hzau/resource/2016303110078.jpg,6.2,resource,LucasX
2016303110081,../res/hzau/resource/2016303110081.jpg,5.5,resource,LucasX
2016303110082,../res/hzau/resource/2016303110082.jpg,7.1,resource,LucasX
2016303110083,../res/hzau/resource/2016303110083.jpg,4.8,resource,LucasX
2016303110084,../res/hzau/resource/2016303110084.jpg,5.3,resource,LucasX
2016303110085,../res/hzau/resource/2016303110085.jpg,4.5,resource,LucasX
2016303110086,../res/hzau/resource/2016303110086.jpg,4.4,resource,LucasX
2016303110087,../res/hzau/resource/2016303110087.jpg,4.2,resource,LucasX
2016303110088,../res/hzau/resource/2016303110088.jpg,4.4,resource,LucasX
2016303110091,../res/hzau/resource/2016303110091.jpg,5.1,resource,LucasX
2016303110092,../res/hzau/resource/2016303110092.jpg,4.6,resource,LucasX
2016303110093,../res/hzau/resource/2016303110093.jpg,4.8,resource,LucasX
2016303110094,../res/hzau/resource/2016303110094.jpg,4.5,resource,LucasX
2016303110095,../res/hzau/resource/2016303110095.jpg,4.4,resource,LucasX
2016303110096,../res/hzau/resource/2016303110096.jpg,4.2,resource,LucasX
2016303110097,../res/hzau/resource/2016303110097.jpg,4.1,resource,LucasX
2016303110098,../res/hzau/resource/2016303110098.jpg,4.8,resource,LucasX
2016303120010,../res/hzau/resource/2016303120010.jpg,4.2,resource,LucasX
2016303120011,../res/hzau/resource/2016303120011.jpg,4,resource,LucasX
2016303120012,../res/hzau/resource/2016303120012.jpg,3.7,resource,LucasX
2016303120013,../res/hzau/resource/2016303120013.jpg,3.9,resource,LucasX
2016303120014,../res/hzau/resource/2016303120014.jpg,3.8,resource,LucasX
2016303120015,../res/hzau/resource/2016303120015.jpg,3.5,resource,LucasX
2016303120016,../res/hzau/resource/2016303120016.jpg,3.9,resource,LucasX
2016303120017,../res/hzau/resource/2016303120017.jpg,3.7,resource,LucasX
2016303120018,../res/hzau/resource/2016303120018.jpg,3.4,resource,LucasX
2016303120019,../res/hzau/resource/2016303120019.jpg,3.5,resource,LucasX
2016303120020,../res/hzau/resource/2016303120020.jpg,5.1,resource,LucasX
2016303120021,../res/hzau/resource/2016303120021.jpg,4.2,resource,LucasX
2016303120022,../res/hzau/resource/2016303120022.jpg,3.1,resource,LucasX
2016303120023,../res/hzau/resource/2016303120023.jpg,7,resource,LucasX
2016303120024,../res/hzau/resource/2016303120024.jpg,5.6,resource,LucasX
2016303120028,../res/hzau/resource/2016303120028.jpg,4.3,resource,LucasX
2016303120030,../res/hzau/resource/2016303120030.jpg,4.3,resource,LucasX
2016303120031,../res/hzau/resource/2016303120031.jpg,3.5,resource,LucasX
2016303120032,../res/hzau/resource/2016303120032.jpg,3.7,resource,LucasX
2016303120033,../res/hzau/resource/2016303120033.jpg,3.9,resource,LucasX
2016303120034,../res/hzau/resource/2016303120034.jpg,4.1,resource,LucasX
2016303120035,../res/hzau/resource/2016303120035.jpg,4.2,resource,LucasX
2016303120036,../res/hzau/resource/2016303120036.jpg,4.6,resource,LucasX
2016303120037,../res/hzau/resource/2016303120037.jpg,4.3,resource,LucasX
2016303120040,../res/hzau/resource/2016303120040.jpg,3.7,resource,LucasX
2016303120041,../res/hzau/resource/2016303120041.jpg,4.9,resource,LucasX
2016303120042,../res/hzau/resource/2016303120042.jpg,4.5,resource,LucasX
2016303120043,../res/hzau/resource/2016303120043.jpg,6.9,resource,LucasX
2016303120044,../res/hzau/resource/2016303120044.jpg,4.1,resource,LucasX
2016303120045,../res/hzau/resource/2016303120045.jpg,4.5,resource,LucasX
2016303120046,../res/hzau/resource/2016303120046.jpg,5.1,resource,LucasX
2016303120047,../res/hzau/resource/2016303120047.jpg,5,resource,LucasX
2016303120048,../res/hzau/resource/2016303120048.jpg,4.8,resource,LucasX
2016303120049,../res/hzau/resource/2016303120049.jpg,3.7,resource,LucasX
2016303120050,../res/hzau/resource/2016303120050.jpg,4.1,resource,LucasX
2016303120051,../res/hzau/resource/2016303120051.jpg,6.7,resource,LucasX
2016303120052,../res/hzau/resource/2016303120052.jpg,5.8,resource,LucasX
2016303120053,../res/hzau/resource/2016303120053.jpg,4.2,resource,LucasX
2016303120054,../res/hzau/resource/2016303120054.jpg,4.4,resource,LucasX
2016303120055,../res/hzau/resource/2016303120055.jpg,5.2,resource,LucasX
2016303120056,../res/hzau/resource/2016303120056.jpg,4,resource,LucasX
2016303120058,../res/hzau/resource/2016303120058.jpg,4.9,resource,LucasX
2016303120059,../res/hzau/resource/2016303120059.jpg,4.7,resource,LucasX
2016303120060,../res/hzau/resource/2016303120060.jpg,4.8,resource,LucasX
2016303120061,../res/hzau/resource/2016303120061.jpg,4.2,resource,LucasX
2016303120062,../res/hzau/resource/2016303120062.jpg,4.1,resource,LucasX
2016303120063,../res/hzau/resource/2016303120063.jpg,4.3,resource,LucasX
2016303120064,../res/hzau/resource/2016303120064.jpg,4.1,resource,LucasX
2016303120065,../res/hzau/resource/2016303120065.jpg,6.7,resource,LucasX
2016303120066,../res/hzau/resource/2016303120066.jpg,4.5,resource,LucasX
2016303120068,../res/hzau/resource/2016303120068.jpg,6.1,resource,LucasX
2016303120069,../res/hzau/resource/2016303120069.jpg,5.7,resource,LucasX
2016303120070,../res/hzau/resource/2016303120070.jpg,4.3,resource,LucasX
2016303120071,../res/hzau/resource/2016303120071.jpg,4.7,resource,LucasX
2016303120072,../res/hzau/resource/2016303120072.jpg,5,resource,LucasX
2016304010033,../res/hzau/bio/2016304010033.jpg,5,bio,LucasX
2016304010048,../res/hzau/bio/2016304010048.jpg,4.8,bio,LucasX
2016304010056,../res/hzau/bio/2016304010056.jpg,4.7,bio,LucasX
2016304010059,../res/hzau/bio/2016304010059.jpg,4.7,bio,LucasX
2016304010062,../res/hzau/bio/2016304010062.jpg,4.7,bio,LucasX
2016304010066,../res/hzau/bio/2016304010066.jpg,4.6,bio,LucasX
2016304010067,../res/hzau/bio/2016304010067.jpg,4.3,bio,LucasX
2016304010072,../res/hzau/bio/2016304010072.jpg,4,bio,LucasX
2016304010076,../res/hzau/bio/2016304010076.jpg,4.1,bio,LucasX
2016304010077,../res/hzau/bio/2016304010077.jpg,4.1,bio,LucasX
2016304010078,../res/hzau/bio/2016304010078.jpg,4.1,bio,LucasX
2016304110010,../res/hzau/bio/2016304110010.jpg,3.9,bio,LucasX
2016304110011,../res/hzau/bio/2016304110011.jpg,3.8,bio,LucasX
2016304110012,../res/hzau/bio/2016304110012.jpg,4.2,bio,LucasX
2016304110014,../res/hzau/bio/2016304110014.jpg,4.7,bio,LucasX
2016304110015,../res/hzau/bio/2016304110015.jpg,6.1,bio,LucasX
2016304110016,../res/hzau/bio/2016304110016.jpg,5.3,bio,LucasX
2016304110017,../res/hzau/bio/2016304110017.jpg,7.4,bio,LucasX
2016304110018,../res/hzau/bio/2016304110018.jpg,4.7,bio,LucasX
2016304110021,../res/hzau/bio/2016304110021.jpg,5.6,bio,LucasX
2016304110022,../res/hzau/bio/2016304110022.jpg,7.8,bio,LucasX
2016304110023,../res/hzau/bio/2016304110023.jpg,4.9,bio,LucasX
2016304110024,../res/hzau/bio/2016304110024.jpg,4.7,bio,LucasX
2016304110025,../res/hzau/bio/2016304110025.jpg,5,bio,LucasX
2016304110026,../res/hzau/bio/2016304110026.jpg,4.8,bio,LucasX
2016304110027,../res/hzau/bio/2016304110027.jpg,4.9,bio,LucasX
2016304110028,../res/hzau/bio/2016304110028.jpg,4.7,bio,LucasX
2016304110029,../res/hzau/bio/2016304110029.jpg,4.4,bio,LucasX
2016304110030,../res/hzau/bio/2016304110030.jpg,4.1,bio,LucasX
2016304110061,../res/hzau/bio/2016304110061.jpg,6.4,bio,LucasX
2016304110062,../res/hzau/bio/2016304110062.jpg,4.5,bio,LucasX
2016304110063,../res/hzau/bio/2016304110063.jpg,4.7,bio,LucasX
2016304110064,../res/hzau/bio/2016304110064.jpg,4.3,bio,LucasX
2016304110065,../res/hzau/bio/2016304110065.jpg,4.1,bio,LucasX
2016304110066,../res/hzau/bio/2016304110066.jpg,4.1,bio,LucasX
2016304110067,../res/hzau/bio/2016304110067.jpg,4.2,bio,LucasX
2016304110068,../res/hzau/bio/2016304110068.jpg,4.2,bio,LucasX
2016304110070,../res/hzau/bio/2016304110070.jpg,4.3,bio,LucasX
2016304110072,../res/hzau/bio/2016304110072.jpg,4.2,bio,LucasX
2016304110080,../res/hzau/bio/2016304110080.jpg,6.8,bio,LucasX
2016304110081,../res/hzau/bio/2016304110081.jpg,6.7,bio,LucasX
2016304110082,../res/hzau/bio/2016304110082.jpg,6.4,bio,LucasX
2016304110083,../res/hzau/bio/2016304110083.jpg,5.1,bio,LucasX
2016304110093,../res/hzau/bio/2016304110093.jpg,4.9,bio,LucasX
2016304110094,../res/hzau/bio/2016304110094.jpg,6.7,bio,LucasX
2016304110095,../res/hzau/bio/2016304110095.jpg,5.2,bio,LucasX
2016304110096,../res/hzau/bio/2016304110096.jpg,4.8,bio,LucasX
2016304110097,../res/hzau/bio/2016304110097.jpg,4.6,bio,LucasX
2016304110098,../res/hzau/bio/2016304110098.jpg,7.6,bio,LucasX
2016304110099,../res/hzau/bio/2016304110099.jpg,6.3,bio,LucasX
2016304120010,../res/hzau/bio/2016304120010.jpg,4.9,bio,LucasX
2016304120012,../res/hzau/bio/2016304120012.jpg,4.8,bio,LucasX
2016304120013,../res/hzau/bio/2016304120013.jpg,4.2,bio,LucasX
2016304120014,../res/hzau/bio/2016304120014.jpg,4.5,bio,LucasX
2016304120015,../res/hzau/bio/2016304120015.jpg,4.1,bio,LucasX
2016304120016,../res/hzau/bio/2016304120016.jpg,4.3,bio,LucasX
2016304120017,../res/hzau/bio/2016304120017.jpg,4.5,bio,LucasX
2016304120018,../res/hzau/bio/2016304120018.jpg,4.2,bio,LucasX
2016304120019,../res/hzau/bio/2016304120019.jpg,5.2,bio,LucasX
2016304120020,../res/hzau/bio/2016304120020.jpg,4.7,bio,LucasX
2016304120021,../res/hzau/bio/2016304120021.jpg,4.4,bio,LucasX
2016304120022,../res/hzau/bio/2016304120022.jpg,6.1,bio,LucasX
2016304120023,../res/hzau/bio/2016304120023.jpg,4.7,bio,LucasX
2016304120024,../res/hzau/bio/2016304120024.jpg,6.4,bio,LucasX
2016304120028,../res/hzau/bio/2016304120028.jpg,4.6,bio,LucasX
2016304120029,../res/hzau/bio/2016304120029.jpg,4.7,bio,LucasX
2016304120030,../res/hzau/bio/2016304120030.jpg,4.2,bio,LucasX
2016304120031,../res/hzau/bio/2016304120031.jpg,4.1,bio,LucasX
2016304120032,../res/hzau/bio/2016304120032.jpg,5.1,bio,LucasX
2016304120034,../res/hzau/bio/2016304120034.jpg,4.6,bio,LucasX
2016304120035,../res/hzau/bio/2016304120035.jpg,5.1,bio,LucasX
2016304120036,../res/hzau/bio/2016304120036.jpg,5.3,bio,LucasX
2016304120038,../res/hzau/bio/2016304120038.jpg,6.7,bio,LucasX
2016304120040,../res/hzau/bio/2016304120040.jpg,4.3,bio,LucasX
2016304120041,../res/hzau/bio/2016304120041.jpg,4.3,bio,LucasX
2016304120042,../res/hzau/bio/2016304120042.jpg,5.7,bio,LucasX
2016304120043,../res/hzau/bio/2016304120043.jpg,6.4,bio,LucasX
2016304120044,../res/hzau/bio/2016304120044.jpg,4.2,bio,LucasX
2016304120045,../res/hzau/bio/2016304120045.jpg,4.7,bio,LucasX
2016304120046,../res/hzau/bio/2016304120046.jpg,4.2,bio,LucasX
2016304120047,../res/hzau/bio/2016304120047.jpg,4.2,bio,LucasX
2016304120048,../res/hzau/bio/2016304120048.jpg,4.3,bio,LucasX
2016304120049,../res/hzau/bio/2016304120049.jpg,6.1,bio,LucasX
2016304120050,../res/hzau/bio/2016304120050.jpg,4.3,bio,LucasX
2016304120051,../res/hzau/bio/2016304120051.jpg,4.3,bio,LucasX
2016304120054,../res/hzau/bio/2016304120054.jpg,4.2,bio,LucasX
2016304120055,../res/hzau/bio/2016304120055.jpg,5.2,bio,LucasX
2016304120056,../res/hzau/bio/2016304120056.jpg,5.1,bio,LucasX
2016304120057,../res/hzau/bio/2016304120057.jpg,5.3,bio,LucasX
2016304120059,../res/hzau/bio/2016304120059.jpg,4.3,bio,LucasX
2016304120060,../res/hzau/bio/2016304120060.jpg,4.4,bio,LucasX
2016304120061,../res/hzau/bio/2016304120061.jpg,6.1,bio,LucasX
2016304120062,../res/hzau/bio/2016304120062.jpg,4.3,bio,LucasX
2016304120063,../res/hzau/bio/2016304120063.jpg,4.5,bio,LucasX
2016304120064,../res/hzau/bio/2016304120064.jpg,4.1,bio,LucasX
2016304120065,../res/hzau/bio/2016304120065.jpg,3.6,bio,LucasX
2016304120066,../res/hzau/bio/2016304120066.jpg,4.7,bio,LucasX
2016304120067,../res/hzau/bio/2016304120067.jpg,5.1,bio,LucasX
2016304120068,../res/hzau/bio/2016304120068.jpg,6.4,bio,LucasX
2016304120069,../res/hzau/bio/2016304120069.jpg,6.1,bio,LucasX
2016304120070,../res/hzau/bio/2016304120070.jpg,6.1,bio,LucasX
2016305010014,../res/hzau/gardening/2016305010014.jpg,5.6,gardening,LucasX
2016305010029,../res/hzau/gardening/2016305010029.jpg,5.7,gardening,LucasX
2016305010030,../res/hzau/gardening/2016305010030.jpg,6,gardening,LucasX
2016305010056,../res/hzau/gardening/2016305010056.jpg,5,gardening,LucasX
2016305010058,../res/hzau/gardening/2016305010058.jpg,5.3,gardening,LucasX
2016305110014,../res/hzau/gardening/2016305110014.jpg,5.2,gardening,LucasX
2016305110016,../res/hzau/gardening/2016305110016.jpg,4.8,gardening,LucasX
2016305110017,../res/hzau/gardening/2016305110017.jpg,4.7,gardening,LucasX
2016305110018,../res/hzau/gardening/2016305110018.jpg,4.9,gardening,LucasX
2016305110019,../res/hzau/gardening/2016305110019.jpg,5.6,gardening,LucasX
2016305110020,../res/hzau/gardening/2016305110020.jpg,5.9,gardening,LucasX
2016305110021,../res/hzau/gardening/2016305110021.jpg,5.4,gardening,LucasX
2016305110022,../res/hzau/gardening/2016305110022.jpg,5.5,gardening,LucasX
2016305110023,../res/hzau/gardening/2016305110023.jpg,4.8,gardening,LucasX
2016305110024,../res/hzau/gardening/2016305110024.jpg,5.7,gardening,LucasX
2016305110025,../res/hzau/gardening/2016305110025.jpg,6,gardening,LucasX
2016305110026,../res/hzau/gardening/2016305110026.jpg,6.3,gardening,LucasX
2016305110028,../res/hzau/gardening/2016305110028.jpg,5.7,gardening,LucasX
2016305110029,../res/hzau/gardening/2016305110029.jpg,6.6,gardening,LucasX
2016305110030,../res/hzau/gardening/2016305110030.jpg,5.8,gardening,LucasX
2016305110031,../res/hzau/gardening/2016305110031.jpg,4.9,gardening,LucasX
2016305110032,../res/hzau/gardening/2016305110032.jpg,7.3,gardening,LucasX
2016305110033,../res/hzau/gardening/2016305110033.jpg,4.5,gardening,LucasX
2016305110034,../res/hzau/gardening/2016305110034.jpg,6.8,gardening,LucasX
2016305110035,../res/hzau/gardening/2016305110035.jpg,6.8,gardening,LucasX
2016305110036,../res/hzau/gardening/2016305110036.jpg,6.5,gardening,LucasX
2016305110037,../res/hzau/gardening/2016305110037.jpg,5.1,gardening,LucasX
2016305110038,../res/hzau/gardening/2016305110038.jpg,6.4,gardening,LucasX
2016305110040,../res/hzau/gardening/2016305110040.jpg,6.4,gardening,LucasX
2016305110041,../res/hzau/gardening/2016305110041.jpg,6.4,gardening,LucasX
2016305110042,../res/hzau/gardening/2016305110042.jpg,6.1,gardening,LucasX
2016305110043,../res/hzau/gardening/2016305110043.jpg,6.9,gardening,LucasX
2016305110044,../res/hzau/gardening/2016305110044.jpg,5,gardening,LucasX
2016305110045,../res/hzau/gardening/2016305110045.jpg,5,gardening,LucasX
2016305110048,../res/hzau/gardening/2016305110048.jpg,6.8,gardening,LucasX
2016305110049,../res/hzau/gardening/2016305110049.jpg,6.7,gardening,LucasX
2016305110050,../res/hzau/gardening/2016305110050.jpg,4.9,gardening,LucasX
2016305110052,../res/hzau/gardening/2016305110052.jpg,6.2,gardening,LucasX
2016305110053,../res/hzau/gardening/2016305110053.jpg,5.8,gardening,LucasX
2016305110054,../res/hzau/gardening/2016305110054.jpg,6.6,gardening,LucasX
2016305110055,../res/hzau/gardening/2016305110055.jpg,5.1,gardening,LucasX
2016305110056,../res/hzau/gardening/2016305110056.jpg,5.2,gardening,LucasX
2016305110060,../res/hzau/gardening/2016305110060.jpg,4.9,gardening,LucasX
2016305110061,../res/hzau/gardening/2016305110061.jpg,5.1,gardening,LucasX
2016305110062,../res/hzau/gardening/2016305110062.jpg,5.3,gardening,LucasX
2016305110063,../res/hzau/gardening/2016305110063.jpg,6.6,gardening,LucasX
2016305110064,../res/hzau/gardening/2016305110064.jpg,6.2,gardening,LucasX
2016305110065,../res/hzau/gardening/2016305110065.jpg,5.6,gardening,LucasX
2016305110067,../res/hzau/gardening/2016305110067.jpg,6.6,gardening,LucasX
2016305110069,../res/hzau/gardening/2016305110069.jpg,4.8,gardening,LucasX
2016305110070,../res/hzau/gardening/2016305110070.jpg,4.8,gardening,LucasX
2016305110071,../res/hzau/gardening/2016305110071.jpg,4.6,gardening,LucasX
2016305110072,../res/hzau/gardening/2016305110072.jpg,4.7,gardening,LucasX
2016305110074,../res/hzau/gardening/2016305110074.jpg,5.1,gardening,LucasX
2016305110075,../res/hzau/gardening/2016305110075.jpg,4.9,gardening,LucasX
2016305110076,../res/hzau/gardening/2016305110076.jpg,5.1,gardening,LucasX
2016305110078,../res/hzau/gardening/2016305110078.jpg,5.5,gardening,LucasX
2016305110079,../res/hzau/gardening/2016305110079.jpg,4.5,gardening,LucasX
2016305110080,../res/hzau/gardening/2016305110080.jpg,5.3,gardening,LucasX
2016305110081,../res/hzau/gardening/2016305110081.jpg,4.8,gardening,LucasX
2016305110082,../res/hzau/gardening/2016305110082.jpg,5.1,gardening,LucasX
2016305110083,../res/hzau/gardening/2016305110083.jpg,5.1,gardening,LucasX
2016305110087,../res/hzau/gardening/2016305110087.jpg,5.1,gardening,LucasX
2016305110090,../res/hzau/gardening/2016305110090.jpg,8.1,gardening,LucasX
2016305110093,../res/hzau/gardening/2016305110093.jpg,4.7,gardening,LucasX
2016305110094,../res/hzau/gardening/2016305110094.jpg,6.8,gardening,LucasX
2016305110095,../res/hzau/gardening/2016305110095.jpg,6.7,gardening,LucasX
2016305110096,../res/hzau/gardening/2016305110096.jpg,6.7,gardening,LucasX
2016305110097,../res/hzau/gardening/2016305110097.jpg,6.6,gardening,LucasX
2016305120010,../res/hzau/gardening/2016305120010.jpg,6.1,gardening,LucasX
2016305120011,../res/hzau/gardening/2016305120011.jpg,5.5,gardening,LucasX
2016305120012,../res/hzau/gardening/2016305120012.jpg,4.9,gardening,LucasX
2016305120013,../res/hzau/gardening/2016305120013.jpg,4.7,gardening,LucasX
2016305120014,../res/hzau/gardening/2016305120014.jpg,4.7,gardening,LucasX
2016305120015,../res/hzau/gardening/2016305120015.jpg,4.1,gardening,LucasX
2016305120016,../res/hzau/gardening/2016305120016.jpg,6.7,gardening,LucasX
2016305120017,../res/hzau/gardening/2016305120017.jpg,4.6,gardening,LucasX
2016305120018,../res/hzau/gardening/2016305120018.jpg,4.3,gardening,LucasX
2016305120019,../res/hzau/gardening/2016305120019.jpg,5.6,gardening,LucasX
2016305120020,../res/hzau/gardening/2016305120020.jpg,5.2,gardening,LucasX
2016305120021,../res/hzau/gardening/2016305120021.jpg,5.1,gardening,LucasX
2016305120022,../res/hzau/gardening/2016305120022.jpg,5.4,gardening,LucasX
2016305120024,../res/hzau/gardening/2016305120024.jpg,4.9,gardening,LucasX
2016305120025,../res/hzau/gardening/2016305120025.jpg,4.2,gardening,LucasX
2016305120026,../res/hzau/gardening/2016305120026.jpg,5.5,gardening,LucasX
2016305120027,../res/hzau/gardening/2016305120027.jpg,5.1,gardening,LucasX
2016305120028,../res/hzau/gardening/2016305120028.jpg,5.3,gardening,LucasX
2016305120030,../res/hzau/gardening/2016305120030.jpg,4.3,gardening,LucasX
2016305120032,../res/hzau/gardening/2016305120032.jpg,4.6,gardening,LucasX
2016305120033,../res/hzau/gardening/2016305120033.jpg,4.6,gardening,LucasX
2016305120034,../res/hzau/gardening/2016305120034.jpg,4.5,gardening,LucasX
2016305120035,../res/hzau/gardening/2016305120035.jpg,4.5,gardening,LucasX
2016305120036,../res/hzau/gardening/2016305120036.jpg,4.5,gardening,LucasX
2016305120037,../res/hzau/gardening/2016305120037.jpg,4.2,gardening,LucasX
2016305120038,../res/hzau/gardening/2016305120038.jpg,3.8,gardening,LucasX
2016305120039,../res/hzau/gardening/2016305120039.jpg,5.1,gardening,LucasX
2016305120040,../res/hzau/gardening/2016305120040.jpg,4.3,gardening,LucasX
2016305120042,../res/hzau/gardening/2016305120042.jpg,5,gardening,LucasX
2016305120043,../res/hzau/gardening/2016305120043.jpg,8.3,gardening,LucasX
2016305120045,../res/hzau/gardening/2016305120045.jpg,5.4,gardening,LucasX
2016305120046,../res/hzau/gardening/2016305120046.jpg,7.8,gardening,LucasX
2016305120047,../res/hzau/gardening/2016305120047.jpg,7.8,gardening,LucasX
2016305120049,../res/hzau/gardening/2016305120049.jpg,7.5,gardening,LucasX
2016305120051,../res/hzau/gardening/2016305120051.jpg,5.3,gardening,LucasX
2016305120053,../res/hzau/gardening/2016305120053.jpg,4.9,gardening,LucasX
2016305120062,../res/hzau/gardening/2016305120062.jpg,6.8,gardening,LucasX
2016305120064,../res/hzau/gardening/2016305120064.jpg,4.5,gardening,LucasX
2016305120065,../res/hzau/gardening/2016305120065.jpg,5.3,gardening,LucasX
2016305120066,../res/hzau/gardening/2016305120066.jpg,5,gardening,LucasX
2016305120067,../res/hzau/gardening/2016305120067.jpg,4.3,gardening,LucasX
2016305120068,../res/hzau/gardening/2016305120068.jpg,6.5,gardening,LucasX
2016305120069,../res/hzau/gardening/2016305120069.jpg,6,gardening,LucasX
2016305120070,../res/hzau/gardening/2016305120070.jpg,5.2,gardening,LucasX
2016305120072,../res/hzau/gardening/2016305120072.jpg,6.3,gardening,LucasX
2016305120073,../res/hzau/gardening/2016305120073.jpg,4.9,gardening,LucasX
2016305120074,../res/hzau/gardening/2016305120074.jpg,5.1,gardening,LucasX
2016305120076,../res/hzau/gardening/2016305120076.jpg,5.2,gardening,LucasX
2016305120077,../res/hzau/gardening/2016305120077.jpg,5.2,gardening,LucasX
2016305120078,../res/hzau/gardening/2016305120078.jpg,5.2,gardening,LucasX
2016305120079,../res/hzau/gardening/2016305120079.jpg,4.9,gardening,LucasX
2016305120080,../res/hzau/gardening/2016305120080.jpg,4.9,gardening,LucasX
2016305120081,../res/hzau/gardening/2016305120081.jpg,4.8,gardening,LucasX
2016305120084,../res/hzau/gardening/2016305120084.jpg,8.1,gardening,LucasX
2016306010011,../res/hzau/economics/2016306010011.jpg,8.2,economics,LucasX
2016306010017,../res/hzau/economics/2016306010017.jpg,4.9,economics,LucasX
2016306010018,../res/hzau/economics/2016306010018.jpg,5.2,economics,LucasX
2016306010020,../res/hzau/economics/2016306010020.jpg,5.2,economics,LucasX
2016306110012,../res/hzau/economics/2016306110012.jpg,3.7,economics,LucasX
2016306110013,../res/hzau/economics/2016306110013.jpg,4.2,economics,LucasX
2016306110014,../res/hzau/economics/2016306110014.jpg,4.2,economics,LucasX
2016306110015,../res/hzau/economics/2016306110015.jpg,4.1,economics,LucasX
2016306110016,../res/hzau/economics/2016306110016.jpg,4.1,economics,LucasX
2016306110017,../res/hzau/economics/2016306110017.jpg,4.5,economics,LucasX
2016306110018,../res/hzau/economics/2016306110018.jpg,4.5,economics,LucasX
2016306110020,../res/hzau/economics/2016306110020.jpg,4.1,economics,LucasX
2016306110025,../res/hzau/economics/2016306110025.jpg,5,economics,LucasX
2016306110026,../res/hzau/economics/2016306110026.jpg,4.9,economics,LucasX
2016306110027,../res/hzau/economics/2016306110027.jpg,6.3,economics,LucasX
2016306110028,../res/hzau/economics/2016306110028.jpg,7.2,economics,LucasX
2016306110029,../res/hzau/economics/2016306110029.jpg,8.3,economics,LucasX
2016306110031,../res/hzau/economics/2016306110031.jpg,6.1,economics,LucasX
2016306110033,../res/hzau/economics/2016306110033.jpg,5.2,economics,LucasX
2016306110034,../res/hzau/economics/2016306110034.jpg,5,economics,LucasX
2016306110035,../res/hzau/economics/2016306110035.jpg,4.1,economics,LucasX
2016306110036,../res/hzau/economics/2016306110036.jpg,7.5,economics,LucasX
2016306110037,../res/hzau/economics/2016306110037.jpg,5.2,economics,LucasX
2016306110038,../res/hzau/economics/2016306110038.jpg,4.6,economics,LucasX
2016306110039,../res/hzau/economics/2016306110039.jpg,4.6,economics,LucasX
2016306110040,../res/hzau/economics/2016306110040.jpg,4.6,economics,LucasX
2016306110041,../res/hzau/economics/2016306110041.jpg,5.1,economics,LucasX
2016306110042,../res/hzau/economics/2016306110042.jpg,4.3,economics,LucasX
2016306110043,../res/hzau/economics/2016306110043.jpg,4.9,economics,LucasX
2016306110054,../res/hzau/economics/2016306110054.jpg,4.1,economics,LucasX
2016306110058,../res/hzau/economics/2016306110058.jpg,4.1,economics,LucasX
2016306110059,../res/hzau/economics/2016306110059.jpg,4.9,economics,LucasX
2016306110061,../res/hzau/economics/2016306110061.jpg,4.8,economics,LucasX
2016306110062,../res/hzau/economics/2016306110062.jpg,4.7,economics,LucasX
2016306110063,../res/hzau/economics/2016306110063.jpg,4.5,economics,LucasX
2016306110064,../res/hzau/economics/2016306110064.jpg,4.5,economics,LucasX
2016306110065,../res/hzau/economics/2016306110065.jpg,4.4,economics,LucasX
2016306110066,../res/hzau/economics/2016306110066.jpg,6.2,economics,LucasX
2016306110067,../res/hzau/economics/2016306110067.jpg,4.6,economics,LucasX
2016306110069,../res/hzau/economics/2016306110069.jpg,6.1,economics,LucasX
2016306120010,../res/hzau/economics/2016306120010.jpg,4.2,economics,LucasX
2016306120011,../res/hzau/economics/2016306120011.jpg,4.4,economics,LucasX
2016306120012,../res/hzau/economics/2016306120012.jpg,4.4,economics,LucasX
2016306120013,../res/hzau/economics/2016306120013.jpg,4.7,economics,LucasX
2016306120015,../res/hzau/economics/2016306120015.jpg,6,economics,LucasX
2016306120016,../res/hzau/economics/2016306120016.jpg,5.1,economics,LucasX
2016306120019,../res/hzau/economics/2016306120019.jpg,5.1,economics,LucasX
2016306120020,../res/hzau/economics/2016306120020.jpg,5,economics,LucasX
2016306120021,../res/hzau/economics/2016306120021.jpg,7,economics,LucasX
2016306120022,../res/hzau/economics/2016306120022.jpg,6.1,economics,LucasX
2016306120023,../res/hzau/economics/2016306120023.jpg,5.2,economics,LucasX
2016306120024,../res/hzau/economics/2016306120024.jpg,4.7,economics,LucasX
2016306120025,../res/hzau/economics/2016306120025.jpg,7.7,economics,LucasX
2016306120026,../res/hzau/economics/2016306120026.jpg,7.1,economics,LucasX
2016306120027,../res/hzau/economics/2016306120027.jpg,3.9,economics,LucasX
2016306120029,../res/hzau/economics/2016306120029.jpg,4.8,economics,LucasX
2016306120030,../res/hzau/economics/2016306120030.jpg,4.8,economics,LucasX
2016306120031,../res/hzau/economics/2016306120031.jpg,5.5,economics,LucasX
2016306120032,../res/hzau/economics/2016306120032.jpg,6.2,economics,LucasX
2016306120033,../res/hzau/economics/2016306120033.jpg,6.2,economics,LucasX
2016306120034,../res/hzau/economics/2016306120034.jpg,6.2,economics,LucasX
2016306120035,../res/hzau/economics/2016306120035.jpg,6.1,economics,LucasX
2016306120036,../res/hzau/economics/2016306120036.jpg,3.9,economics,LucasX
2016306120037,../res/hzau/economics/2016306120037.jpg,6.9,economics,LucasX
2016306120038,../res/hzau/economics/2016306120038.jpg,5.6,economics,LucasX
2016306120039,../res/hzau/economics/2016306120039.jpg,5.1,economics,LucasX
2016306120040,../res/hzau/economics/2016306120040.jpg,7.1,economics,LucasX
2016306120041,../res/hzau/economics/2016306120041.jpg,7.2,economics,LucasX
2016306120042,../res/hzau/economics/2016306120042.jpg,8,economics,LucasX
2016306120043,../res/hzau/economics/2016306120043.jpg,5.4,economics,LucasX
2016306120044,../res/hzau/economics/2016306120044.jpg,5.7,economics,LucasX
2016306120046,../res/hzau/economics/2016306120046.jpg,4.4,economics,LucasX
2016307110010,../res/hzau/technology/2016307110010.jpg,4.4,technology,LucasX
2016307110011,../res/hzau/technology/2016307110011.jpg,4.4,technology,LucasX
2016307110012,../res/hzau/technology/2016307110012.jpg,4.5,technology,LucasX
2016307110013,../res/hzau/technology/2016307110013.jpg,4.3,technology,LucasX
2016307110014,../res/hzau/technology/2016307110014.jpg,4.3,technology,LucasX
2016307110015,../res/hzau/technology/2016307110015.jpg,4.3,technology,LucasX
2016307110016,../res/hzau/technology/2016307110016.jpg,4.3,technology,LucasX
2016307110017,../res/hzau/technology/2016307110017.jpg,4.3,technology,LucasX
2016307110019,../res/hzau/technology/2016307110019.jpg,5.1,technology,LucasX
2016307110020,../res/hzau/technology/2016307110020.jpg,4.9,technology,LucasX
2016307110022,../res/hzau/technology/2016307110022.jpg,4.9,technology,LucasX
2016307110023,../res/hzau/technology/2016307110023.jpg,4.4,technology,LucasX
2016307110024,../res/hzau/technology/2016307110024.jpg,4.4,technology,LucasX
2016307110025,../res/hzau/technology/2016307110025.jpg,4.4,technology,LucasX
2016307110026,../res/hzau/technology/2016307110026.jpg,4.4,technology,LucasX
2016307110027,../res/hzau/technology/2016307110027.jpg,5.4,technology,LucasX
2016307110028,../res/hzau/technology/2016307110028.jpg,5.5,technology,LucasX
2016307110029,../res/hzau/technology/2016307110029.jpg,4.7,technology,LucasX
2016307110030,../res/hzau/technology/2016307110030.jpg,4.7,technology,LucasX
2016307110031,../res/hzau/technology/2016307110031.jpg,4.4,technology,LucasX
2016307110034,../res/hzau/technology/2016307110034.jpg,4.3,technology,LucasX
2016307110035,../res/hzau/technology/2016307110035.jpg,4.2,technology,LucasX
2016307110036,../res/hzau/technology/2016307110036.jpg,4.4,technology,LucasX
2016307110037,../res/hzau/technology/2016307110037.jpg,4.3,technology,LucasX
2016307110038,../res/hzau/technology/2016307110038.jpg,4.2,technology,LucasX
2016307110039,../res/hzau/technology/2016307110039.jpg,4.2,technology,LucasX
2016307110040,../res/hzau/technology/2016307110040.jpg,4.5,technology,LucasX
2016307110041,../res/hzau/technology/2016307110041.jpg,4.5,technology,LucasX
2016307110042,../res/hzau/technology/2016307110042.jpg,4.1,technology,LucasX
2016307110043,../res/hzau/technology/2016307110043.jpg,4.1,technology,LucasX
2016307110045,../res/hzau/technology/2016307110045.jpg,4.2,technology,LucasX
2016307110046,../res/hzau/technology/2016307110046.jpg,4,technology,LucasX
2016307110047,../res/hzau/technology/2016307110047.jpg,4.9,technology,LucasX
2016307110048,../res/hzau/technology/2016307110048.jpg,5.6,technology,LucasX
2016307110050,../res/hzau/technology/2016307110050.jpg,5.4,technology,LucasX
2016307110051,../res/hzau/technology/2016307110051.jpg,5,technology,LucasX
2016307110052,../res/hzau/technology/2016307110052.jpg,8.1,technology,LucasX
2016307110055,../res/hzau/technology/2016307110055.jpg,6.6,technology,LucasX
2016307120010,../res/hzau/technology/2016307120010.jpg,5,technology,LucasX
2016307120011,../res/hzau/technology/2016307120011.jpg,4.9,technology,LucasX
2016307120012,../res/hzau/technology/2016307120012.jpg,4.8,technology,LucasX
2016307120014,../res/hzau/technology/2016307120014.jpg,6,technology,LucasX
2016307120015,../res/hzau/technology/2016307120015.jpg,5.7,technology,LucasX
2016307120016,../res/hzau/technology/2016307120016.jpg,4.6,technology,LucasX
2016307120017,../res/hzau/technology/2016307120017.jpg,4.4,technology,LucasX
2016307120018,../res/hzau/technology/2016307120018.jpg,4.4,technology,LucasX
2016307120019,../res/hzau/technology/2016307120019.jpg,4.3,technology,LucasX
2016307120020,../res/hzau/technology/2016307120020.jpg,4.1,technology,LucasX
2016307120021,../res/hzau/technology/2016307120021.jpg,4,technology,LucasX
2016307120022,../res/hzau/technology/2016307120022.jpg,4.3,technology,LucasX
2016307120023,../res/hzau/technology/2016307120023.jpg,4.3,technology,LucasX
2016307120024,../res/hzau/technology/2016307120024.jpg,4,technology,LucasX
2016307120025,../res/hzau/technology/2016307120025.jpg,6.6,technology,LucasX
2016307120026,../res/hzau/technology/2016307120026.jpg,4.1,technology,LucasX
2016307120027,../res/hzau/technology/2016307120027.jpg,4.2,technology,LucasX
2016307120028,../res/hzau/technology/2016307120028.jpg,4.2,technology,LucasX
2016307120029,../res/hzau/technology/2016307120029.jpg,5,technology,LucasX
2016307120030,../res/hzau/technology/2016307120030.jpg,4.6,technology,LucasX
2016307120032,../res/hzau/technology/2016307120032.jpg,4.3,technology,LucasX
2016307120033,../res/hzau/technology/2016307120033.jpg,4.9,technology,LucasX
2016307120034,../res/hzau/technology/2016307120034.jpg,4.4,technology,LucasX
2016307120035,../res/hzau/technology/2016307120035.jpg,4.3,technology,LucasX
2016308110010,../res/hzau/fishing/2016308110010.jpg,4.3,fishing,LucasX
2016308110011,../res/hzau/fishing/2016308110011.jpg,4.3,fishing,LucasX
2016308110013,../res/hzau/fishing/2016308110013.jpg,6.8,fishing,LucasX
2016308110014,../res/hzau/fishing/2016308110014.jpg,4.1,fishing,LucasX
2016308110015,../res/hzau/fishing/2016308110015.jpg,4.4,fishing,LucasX
2016308110016,../res/hzau/fishing/2016308110016.jpg,4.4,fishing,LucasX
2016308110017,../res/hzau/fishing/2016308110017.jpg,4.8,fishing,LucasX
2016308110018,../res/hzau/fishing/2016308110018.jpg,5,fishing,LucasX
2016308110019,../res/hzau/fishing/2016308110019.jpg,4.3,fishing,LucasX
2016308110020,../res/hzau/fishing/2016308110020.jpg,7.1,fishing,LucasX
2016308110021,../res/hzau/fishing/2016308110021.jpg,5,fishing,LucasX
2016308110022,../res/hzau/fishing/2016308110022.jpg,5,fishing,LucasX
2016308110023,../res/hzau/fishing/2016308110023.jpg,4.4,fishing,LucasX
2016308110025,../res/hzau/fishing/2016308110025.jpg,4.4,fishing,LucasX
2016308110026,../res/hzau/fishing/2016308110026.jpg,4.4,fishing,LucasX
2016308110028,../res/hzau/fishing/2016308110028.jpg,6.1,fishing,LucasX
2016308110029,../res/hzau/fishing/2016308110029.jpg,4.4,fishing,LucasX
2016308110030,../res/hzau/fishing/2016308110030.jpg,4.9,fishing,LucasX
2016308110031,../res/hzau/fishing/2016308110031.jpg,4.3,fishing,LucasX
2016308110032,../res/hzau/fishing/2016308110032.jpg,4.7,fishing,LucasX
2016308110033,../res/hzau/fishing/2016308110033.jpg,4.5,fishing,LucasX
2016308110035,../res/hzau/fishing/2016308110035.jpg,6,fishing,LucasX
2016308110036,../res/hzau/fishing/2016308110036.jpg,4.4,fishing,LucasX
2016308110037,../res/hzau/fishing/2016308110037.jpg,6.6,fishing,LucasX
2016308110038,../res/hzau/fishing/2016308110038.jpg,4.8,fishing,LucasX
2016308110039,../res/hzau/fishing/2016308110039.jpg,3.9,fishing,LucasX
2016308110040,../res/hzau/fishing/2016308110040.jpg,3.9,fishing,LucasX
2016308110041,../res/hzau/fishing/2016308110041.jpg,5.6,fishing,LucasX
2016308110042,../res/hzau/fishing/2016308110042.jpg,4.1,fishing,LucasX
2016308110043,../res/hzau/fishing/2016308110043.jpg,4.5,fishing,LucasX
2016308110044,../res/hzau/fishing/2016308110044.jpg,4.2,fishing,LucasX
2016308110049,../res/hzau/fishing/2016308110049.jpg,4.2,fishing,LucasX
2016308110051,../res/hzau/fishing/2016308110051.jpg,3.7,fishing,LucasX
2016308110052,../res/hzau/fishing/2016308110052.jpg,3.7,fishing,LucasX
2016308110054,../res/hzau/fishing/2016308110054.jpg,3.7,fishing,LucasX
2016308110055,../res/hzau/fishing/2016308110055.jpg,4.7,fishing,LucasX
2016308110056,../res/hzau/fishing/2016308110056.jpg,3.7,fishing,LucasX
2016308110057,../res/hzau/fishing/2016308110057.jpg,4.7,fishing,LucasX
2016308110058,../res/hzau/fishing/2016308110058.jpg,4.3,fishing,LucasX
2016308110059,../res/hzau/fishing/2016308110059.jpg,5.1,fishing,LucasX
2016308110060,../res/hzau/fishing/2016308110060.jpg,5.5,fishing,LucasX
2016308110061,../res/hzau/fishing/2016308110061.jpg,4.2,fishing,LucasX
2016308110062,../res/hzau/fishing/2016308110062.jpg,5.4,fishing,LucasX
2016308110064,../res/hzau/fishing/2016308110064.jpg,4.6,fishing,LucasX
2016308110065,../res/hzau/fishing/2016308110065.jpg,5.7,fishing,LucasX
2016308110066,../res/hzau/fishing/2016308110066.jpg,4.5,fishing,LucasX
2016308110067,../res/hzau/fishing/2016308110067.jpg,4.5,fishing,LucasX
2016308110068,../res/hzau/fishing/2016308110068.jpg,4.5,fishing,LucasX
2016308110069,../res/hzau/fishing/2016308110069.jpg,4.4,fishing,LucasX
2016308110070,../res/hzau/fishing/2016308110070.jpg,5.1,fishing,LucasX
2016308110071,../res/hzau/fishing/2016308110071.jpg,4.8,fishing,LucasX
2016308110072,../res/hzau/fishing/2016308110072.jpg,4.4,fishing,LucasX
2016308110074,../res/hzau/fishing/2016308110074.jpg,4.2,fishing,LucasX
2016308110075,../res/hzau/fishing/2016308110075.jpg,5,fishing,LucasX
2016308110076,../res/hzau/fishing/2016308110076.jpg,4.7,fishing,LucasX
2016308110077,../res/hzau/fishing/2016308110077.jpg,4.3,fishing,LucasX
2016308110078,../res/hzau/fishing/2016308110078.jpg,6.1,fishing,LucasX
2016308120010,../res/hzau/fishing/2016308120010.jpg,3.9,fishing,LucasX
2016308120011,../res/hzau/fishing/2016308120011.jpg,5.5,fishing,LucasX
2016308120012,../res/hzau/fishing/2016308120012.jpg,7.2,fishing,LucasX
2016308120013,../res/hzau/fishing/2016308120013.jpg,4,fishing,LucasX
2016308120014,../res/hzau/fishing/2016308120014.jpg,4,fishing,LucasX
2016308120015,../res/hzau/fishing/2016308120015.jpg,4.7,fishing,LucasX
2016308120016,../res/hzau/fishing/2016308120016.jpg,4.7,fishing,LucasX
2016308120017,../res/hzau/fishing/2016308120017.jpg,4.5,fishing,LucasX
2016308120018,../res/hzau/fishing/2016308120018.jpg,4.7,fishing,LucasX
2016308120019,../res/hzau/fishing/2016308120019.jpg,4.6,fishing,LucasX
2016308120021,../res/hzau/fishing/2016308120021.jpg,4.6,fishing,LucasX
2016308120022,../res/hzau/fishing/2016308120022.jpg,4.6,fishing,LucasX
2016308120023,../res/hzau/fishing/2016308120023.jpg,6.2,fishing,LucasX
2016308120026,../res/hzau/fishing/2016308120026.jpg,4.5,fishing,LucasX
2016308120027,../res/hzau/fishing/2016308120027.jpg,6.3,fishing,LucasX
2016308120028,../res/hzau/fishing/2016308120028.jpg,5.2,fishing,LucasX
2016308120029,../res/hzau/fishing/2016308120029.jpg,4.7,fishing,LucasX
2016308120030,../res/hzau/fishing/2016308120030.jpg,5.5,fishing,LucasX
2016308120031,../res/hzau/fishing/2016308120031.jpg,4.5,fishing,LucasX
2016308120033,../res/hzau/fishing/2016308120033.jpg,4.5,fishing,LucasX
2016308120034,../res/hzau/fishing/2016308120034.jpg,5.8,fishing,LucasX
2016308120035,../res/hzau/fishing/2016308120035.jpg,5.5,fishing,LucasX
2016308120037,../res/hzau/fishing/2016308120037.jpg,4.3,fishing,LucasX
2016308120039,../res/hzau/fishing/2016308120039.jpg,5.4,fishing,LucasX
2016308120040,../res/hzau/fishing/2016308120040.jpg,5.4,fishing,LucasX
2016308120041,../res/hzau/fishing/2016308120041.jpg,5.2,fishing,LucasX
2016308120042,../res/hzau/fishing/2016308120042.jpg,4.6,fishing,LucasX
2016308120043,../res/hzau/fishing/2016308120043.jpg,6.1,fishing,LucasX
2016308120045,../res/hzau/fishing/2016308120045.jpg,4.8,fishing,LucasX
2016308120046,../res/hzau/fishing/2016308120046.jpg,5,fishing,LucasX
2016308120047,../res/hzau/fishing/2016308120047.jpg,4.9,fishing,LucasX
2016308120048,../res/hzau/fishing/2016308120048.jpg,4.7,fishing,LucasX
2016308120049,../res/hzau/fishing/2016308120049.jpg,6.1,fishing,LucasX
2016308120050,../res/hzau/fishing/2016308120050.jpg,4.9,fishing,LucasX
2016308120051,../res/hzau/fishing/2016308120051.jpg,7.6,fishing,LucasX
2016308120052,../res/hzau/fishing/2016308120052.jpg,7.9,fishing,LucasX
2016308120053,../res/hzau/fishing/2016308120053.jpg,5.4,fishing,LucasX
2016308120054,../res/hzau/fishing/2016308120054.jpg,4.3,fishing,LucasX
2016309010010,../res/hzau/food/2016309010010.jpg,4.7,food,LucasX
2016309010015,../res/hzau/food/2016309010015.jpg,4.7,food,LucasX
2016309010016,../res/hzau/food/2016309010016.jpg,4.6,food,LucasX
2016309010023,../res/hzau/food/2016309010023.jpg,4.2,food,LucasX
2016309010024,../res/hzau/food/2016309010024.jpg,4.2,food,LucasX
2016309010025,../res/hzau/food/2016309010025.jpg,6.8,food,LucasX
2016309110010,../res/hzau/food/2016309110010.jpg,4.8,food,LucasX
2016309110012,../res/hzau/food/2016309110012.jpg,4.8,food,LucasX
2016309110013,../res/hzau/food/2016309110013.jpg,8.8,food,LucasX
2016309110015,../res/hzau/food/2016309110015.jpg,6.2,food,LucasX
2016309110017,../res/hzau/food/2016309110017.jpg,5,food,LucasX
2016309110018,../res/hzau/food/2016309110018.jpg,5,food,LucasX
2016309110019,../res/hzau/food/2016309110019.jpg,5.1,food,LucasX
2016309110021,../res/hzau/food/2016309110021.jpg,5.1,food,LucasX
2016309110022,../res/hzau/food/2016309110022.jpg,6.2,food,LucasX
2016309110023,../res/hzau/food/2016309110023.jpg,5.1,food,LucasX
2016309110024,../res/hzau/food/2016309110024.jpg,5.1,food,LucasX
2016309110025,../res/hzau/food/2016309110025.jpg,4.6,food,LucasX
2016309110026,../res/hzau/food/2016309110026.jpg,4.6,food,LucasX
2016309110027,../res/hzau/food/2016309110027.jpg,5.5,food,LucasX
2016309110028,../res/hzau/food/2016309110028.jpg,7,food,LucasX
2016309110030,../res/hzau/food/2016309110030.jpg,4.5,food,LucasX
2016309110031,../res/hzau/food/2016309110031.jpg,6.1,food,LucasX
2016309110032,../res/hzau/food/2016309110032.jpg,6.6,food,LucasX
2016309110033,../res/hzau/food/2016309110033.jpg,6.2,food,LucasX
2016309110034,../res/hzau/food/2016309110034.jpg,5.1,food,LucasX
2016309110035,../res/hzau/food/2016309110035.jpg,6.4,food,LucasX
2016309110036,../res/hzau/food/2016309110036.jpg,6.4,food,LucasX
2016309110037,../res/hzau/food/2016309110037.jpg,5.1,food,LucasX
2016309110038,../res/hzau/food/2016309110038.jpg,6.1,food,LucasX
2016309110039,../res/hzau/food/2016309110039.jpg,5.1,food,LucasX
2016309110040,../res/hzau/food/2016309110040.jpg,5.1,food,LucasX
2016309110041,../res/hzau/food/2016309110041.jpg,8.2,food,LucasX
2016309110042,../res/hzau/food/2016309110042.jpg,5,food,LucasX
2016309110043,../res/hzau/food/2016309110043.jpg,4.4,food,LucasX
2016309110044,../res/hzau/food/2016309110044.jpg,4.7,food,LucasX
2016309110045,../res/hzau/food/2016309110045.jpg,6.8,food,LucasX
2016309110046,../res/hzau/food/2016309110046.jpg,5.2,food,LucasX
2016309110047,../res/hzau/food/2016309110047.jpg,5.4,food,LucasX
2016309110048,../res/hzau/food/2016309110048.jpg,5.8,food,LucasX
2016309110049,../res/hzau/food/2016309110049.jpg,4.4,food,LucasX
2016309110050,../res/hzau/food/2016309110050.jpg,4.4,food,LucasX
2016309110051,../res/hzau/food/2016309110051.jpg,4.4,food,LucasX
2016309110052,../res/hzau/food/2016309110052.jpg,4.4,food,LucasX
2016309110053,../res/hzau/food/2016309110053.jpg,6.2,food,LucasX
2016309110054,../res/hzau/food/2016309110054.jpg,4.5,food,LucasX
2016309110055,../res/hzau/food/2016309110055.jpg,4.7,food,LucasX
2016309110057,../res/hzau/food/2016309110057.jpg,7.2,food,LucasX
2016309110059,../res/hzau/food/2016309110059.jpg,7.4,food,LucasX
2016309110061,../res/hzau/food/2016309110061.jpg,7.2,food,LucasX
2016309110062,../res/hzau/food/2016309110062.jpg,7.1,food,LucasX
2016309110063,../res/hzau/food/2016309110063.jpg,4.8,food,LucasX
2016309110064,../res/hzau/food/2016309110064.jpg,4.1,food,LucasX
2016309110065,../res/hzau/food/2016309110065.jpg,4.1,food,LucasX
2016309110066,../res/hzau/food/2016309110066.jpg,4.1,food,LucasX
2016309110067,../res/hzau/food/2016309110067.jpg,4.1,food,LucasX
2016309110069,../res/hzau/food/2016309110069.jpg,4.1,food,LucasX
2016309110070,../res/hzau/food/2016309110070.jpg,4.1,food,LucasX
2016309110071,../res/hzau/food/2016309110071.jpg,4.7,food,LucasX
2016309110072,../res/hzau/food/2016309110072.jpg,7,food,LucasX
2016309110074,../res/hzau/food/2016309110074.jpg,4.1,food,LucasX
2016309110076,../res/hzau/food/2016309110076.jpg,4.2,food,LucasX
2016309110077,../res/hzau/food/2016309110077.jpg,4.2,food,LucasX
2016309110078,../res/hzau/food/2016309110078.jpg,5.1,food,LucasX
2016309110079,../res/hzau/food/2016309110079.jpg,5.3,food,LucasX
2016309110080,../res/hzau/food/2016309110080.jpg,4,food,LucasX
2016309120011,../res/hzau/food/2016309120011.jpg,4,food,LucasX
2016309120012,../res/hzau/food/2016309120012.jpg,3.9,food,LucasX
2016309120014,../res/hzau/food/2016309120014.jpg,3.7,food,LucasX
2016309120015,../res/hzau/food/2016309120015.jpg,5.5,food,LucasX
2016309120017,../res/hzau/food/2016309120017.jpg,5.6,food,LucasX
2016309120018,../res/hzau/food/2016309120018.jpg,6.7,food,LucasX
2016309120019,../res/hzau/food/2016309120019.jpg,4.7,food,LucasX
2016309120020,../res/hzau/food/2016309120020.jpg,6.5,food,LucasX
2016309120021,../res/hzau/food/2016309120021.jpg,7.2,food,LucasX
2016309120022,../res/hzau/food/2016309120022.jpg,3.9,food,LucasX
2016309120023,../res/hzau/food/2016309120023.jpg,3.9,food,LucasX
2016309120024,../res/hzau/food/2016309120024.jpg,4.2,food,LucasX
2016309120026,../res/hzau/food/2016309120026.jpg,4.2,food,LucasX
2016309120027,../res/hzau/food/2016309120027.jpg,8.5,food,LucasX
2016309120028,../res/hzau/food/2016309120028.jpg,3.9,food,LucasX
2016309120029,../res/hzau/food/2016309120029.jpg,3.9,food,LucasX
2016309120030,../res/hzau/food/2016309120030.jpg,4.7,food,LucasX
2016309120031,../res/hzau/food/2016309120031.jpg,5.2,food,LucasX
2016309120032,../res/hzau/food/2016309120032.jpg,3.9,food,LucasX
2016309120033,../res/hzau/food/2016309120033.jpg,3.9,food,LucasX
2016309120034,../res/hzau/food/2016309120034.jpg,3.7,food,LucasX
2016309120035,../res/hzau/food/2016309120035.jpg,6.1,food,LucasX
2016309120036,../res/hzau/food/2016309120036.jpg,4.7,food,LucasX
2016309120037,../res/hzau/food/2016309120037.jpg,4.7,food,LucasX
2016309120038,../res/hzau/food/2016309120038.jpg,5.2,food,LucasX
2016309120039,../res/hzau/food/2016309120039.jpg,5.6,food,LucasX
2016309120040,../res/hzau/food/2016309120040.jpg,4.3,food,LucasX
2016309120041,../res/hzau/food/2016309120041.jpg,5.9,food,LucasX
2016309120042,../res/hzau/food/2016309120042.jpg,5.1,food,LucasX
2016309120043,../res/hzau/food/2016309120043.jpg,5.1,food,LucasX
2016309120045,../res/hzau/food/2016309120045.jpg,4.8,food,LucasX
2016309120046,../res/hzau/food/2016309120046.jpg,4.2,food,LucasX
2016309120047,../res/hzau/food/2016309120047.jpg,4.2,food,LucasX
2016309120048,../res/hzau/food/2016309120048.jpg,4.2,food,LucasX
2016309120049,../res/hzau/food/2016309120049.jpg,4.7,food,LucasX
2016309120050,../res/hzau/food/2016309120050.jpg,4.3,food,LucasX
2016309120051,../res/hzau/food/2016309120051.jpg,5.1,food,LucasX
2016309120052,../res/hzau/food/2016309120052.jpg,5,food,LucasX
2016309120053,../res/hzau/food/2016309120053.jpg,4.4,food,LucasX
2016309120054,../res/hzau/food/2016309120054.jpg,4.4,food,LucasX
2016309120055,../res/hzau/food/2016309120055.jpg,4.4,food,LucasX
2016310110010,../res/hzau/cos/2016310110010.jpg,4.4,cos,LucasX
2016310110011,../res/hzau/cos/2016310110011.jpg,6.2,cos,LucasX
2016310110012,../res/hzau/cos/2016310110012.jpg,5.3,cos,LucasX
2016310110013,../res/hzau/cos/2016310110013.jpg,5.4,cos,LucasX
2016310110014,../res/hzau/cos/2016310110014.jpg,4.4,cos,LucasX
2016310110015,../res/hzau/cos/2016310110015.jpg,4.5,cos,LucasX
2016310110016,../res/hzau/cos/2016310110016.jpg,6.5,cos,LucasX
2016310110017,../res/hzau/cos/2016310110017.jpg,4.3,cos,LucasX
2016310110018,../res/hzau/cos/2016310110018.jpg,7,cos,LucasX
2016310110019,../res/hzau/cos/2016310110019.jpg,4.6,cos,LucasX
2016310110026,../res/hzau/cos/2016310110026.jpg,5.2,cos,LucasX
2016310110027,../res/hzau/cos/2016310110027.jpg,6.9,cos,LucasX
2016310110028,../res/hzau/cos/2016310110028.jpg,5.4,cos,LucasX
2016310110029,../res/hzau/cos/2016310110029.jpg,4.8,cos,LucasX
2016310110030,../res/hzau/cos/2016310110030.jpg,5.2,cos,LucasX
2016310110031,../res/hzau/cos/2016310110031.jpg,4.7,cos,LucasX
2016310110032,../res/hzau/cos/2016310110032.jpg,4.8,cos,LucasX
2016310110033,../res/hzau/cos/2016310110033.jpg,4.8,cos,LucasX
2016310110035,../res/hzau/cos/2016310110035.jpg,4.8,cos,LucasX
2016310110036,../res/hzau/cos/2016310110036.jpg,6.9,cos,LucasX
2016310110037,../res/hzau/cos/2016310110037.jpg,4.9,cos,LucasX
2016310110038,../res/hzau/cos/2016310110038.jpg,6.2,cos,LucasX
2016310110039,../res/hzau/cos/2016310110039.jpg,5.4,cos,LucasX
2016310110040,../res/hzau/cos/2016310110040.jpg,5,cos,LucasX
2016310110041,../res/hzau/cos/2016310110041.jpg,4.7,cos,LucasX
2016310120010,../res/hzau/cos/2016310120010.jpg,4.8,cos,LucasX
2016310120011,../res/hzau/cos/2016310120011.jpg,5.8,cos,LucasX
2016310120012,../res/hzau/cos/2016310120012.jpg,5.2,cos,LucasX
2016315110010,../res/hzau/pubmanage/2016315110010.jpg,5,pubmanage,LucasX
2016315110011,../res/hzau/pubmanage/2016315110011.jpg,4.8,pubmanage,LucasX
2016315110012,../res/hzau/pubmanage/2016315110012.jpg,4.6,pubmanage,LucasX
2016315110013,../res/hzau/pubmanage/2016315110013.jpg,4.3,pubmanage,LucasX
2016315110014,../res/hzau/pubmanage/2016315110014.jpg,4.3,pubmanage,LucasX
2016315110015,../res/hzau/pubmanage/2016315110015.jpg,4.2,pubmanage,LucasX
2016315110016,../res/hzau/pubmanage/2016315110016.jpg,5,pubmanage,LucasX
2016315110018,../res/hzau/pubmanage/2016315110018.jpg,5,pubmanage,LucasX
2016315110019,../res/hzau/pubmanage/2016315110019.jpg,8,pubmanage,LucasX
2016315110020,../res/hzau/pubmanage/2016315110020.jpg,5,pubmanage,LucasX
2016315110021,../res/hzau/pubmanage/2016315110021.jpg,8.6,pubmanage,LucasX
2016315110022,../res/hzau/pubmanage/2016315110022.jpg,6.1,pubmanage,LucasX
2016315110023,../res/hzau/pubmanage/2016315110023.jpg,4.4,pubmanage,LucasX
2016315110024,../res/hzau/pubmanage/2016315110024.jpg,4.4,pubmanage,LucasX
2016315110025,../res/hzau/pubmanage/2016315110025.jpg,4.4,pubmanage,LucasX
2016315110026,../res/hzau/pubmanage/2016315110026.jpg,4.8,pubmanage,LucasX
2016315110027,../res/hzau/pubmanage/2016315110027.jpg,5.2,pubmanage,LucasX
2016315110028,../res/hzau/pubmanage/2016315110028.jpg,4.3,pubmanage,LucasX
2016315110029,../res/hzau/pubmanage/2016315110029.jpg,5.2,pubmanage,LucasX
2016315110030,../res/hzau/pubmanage/2016315110030.jpg,5.2,pubmanage,LucasX
2016315110031,../res/hzau/pubmanage/2016315110031.jpg,5.2,pubmanage,LucasX
2016315110032,../res/hzau/pubmanage/2016315110032.jpg,4.5,pubmanage,LucasX
2016315110033,../res/hzau/pubmanage/2016315110033.jpg,5.1,pubmanage,LucasX
2016315110034,../res/hzau/pubmanage/2016315110034.jpg,7.1,pubmanage,LucasX
2016315110035,../res/hzau/pubmanage/2016315110035.jpg,4,pubmanage,LucasX
2016315110036,../res/hzau/pubmanage/2016315110036.jpg,4.9,pubmanage,LucasX
2016315110038,../res/hzau/pubmanage/2016315110038.jpg,4.2,pubmanage,LucasX
2016315110040,../res/hzau/pubmanage/2016315110040.jpg,6.8,pubmanage,LucasX
2016315110041,../res/hzau/pubmanage/2016315110041.jpg,5.2,pubmanage,LucasX
2016315120010,../res/hzau/pubmanage/2016315120010.jpg,7,pubmanage,LucasX
2016315120012,../res/hzau/pubmanage/2016315120012.jpg,5,pubmanage,LucasX
2016315120013,../res/hzau/pubmanage/2016315120013.jpg,4.6,pubmanage,LucasX
2016315120015,../res/hzau/pubmanage/2016315120015.jpg,4.5,pubmanage,LucasX
2016315120016,../res/hzau/pubmanage/2016315120016.jpg,4.4,pubmanage,LucasX
2016315120017,../res/hzau/pubmanage/2016315120017.jpg,7.8,pubmanage,LucasX
2016315120018,../res/hzau/pubmanage/2016315120018.jpg,4.5,pubmanage,LucasX
2016315120019,../res/hzau/pubmanage/2016315120019.jpg,4.3,pubmanage,LucasX
2016315120020,../res/hzau/pubmanage/2016315120020.jpg,4.5,pubmanage,LucasX
2016315120022,../res/hzau/pubmanage/2016315120022.jpg,6.2,pubmanage,LucasX
2016315120023,../res/hzau/pubmanage/2016315120023.jpg,6,pubmanage,LucasX
2016315120024,../res/hzau/pubmanage/2016315120024.jpg,7.8,pubmanage,LucasX
2016315120025,../res/hzau/pubmanage/2016315120025.jpg,7.4,pubmanage,LucasX
2016315120026,../res/hzau/pubmanage/2016315120026.jpg,4.7,pubmanage,LucasX
2016315120027,../res/hzau/pubmanage/2016315120027.jpg,4.7,pubmanage,LucasX
2016315120028,../res/hzau/pubmanage/2016315120028.jpg,5.1,pubmanage,LucasX
2016317110010,../res/hzau/coi/2016317110010.jpg,5.2,coi,LucasX
2016317110011,../res/hzau/coi/2016317110011.jpg,5.3,coi,LucasX
2016317110012,../res/hzau/coi/2016317110012.jpg,5.3,coi,LucasX
2016317110015,../res/hzau/coi/2016317110015.jpg,8.3,coi,LucasX
2016317110016,../res/hzau/coi/2016317110016.jpg,7.1,coi,LucasX
2016317110017,../res/hzau/coi/2016317110017.jpg,4.9,coi,LucasX
2016317110018,../res/hzau/coi/2016317110018.jpg,4.9,coi,LucasX
2016317110019,../res/hzau/coi/2016317110019.jpg,5.9,coi,LucasX
2016317110020,../res/hzau/coi/2016317110020.jpg,6.1,coi,LucasX
2016317110021,../res/hzau/coi/2016317110021.jpg,6.3,coi,LucasX
2016317110022,../res/hzau/coi/2016317110022.jpg,5,coi,LucasX
2016317110023,../res/hzau/coi/2016317110023.jpg,6.1,coi,LucasX
2016317110025,../res/hzau/coi/2016317110025.jpg,5.3,coi,LucasX
2016317110026,../res/hzau/coi/2016317110026.jpg,6.7,coi,LucasX
2016317110027,../res/hzau/coi/2016317110027.jpg,4.6,coi,LucasX
2016317110028,../res/hzau/coi/2016317110028.jpg,5.8,coi,LucasX
2016317110029,../res/hzau/coi/2016317110029.jpg,7,coi,LucasX
2016317110030,../res/hzau/coi/2016317110030.jpg,4.8,coi,LucasX
2016317110031,../res/hzau/coi/2016317110031.jpg,5.2,coi,LucasX
2016317110032,../res/hzau/coi/2016317110032.jpg,5,coi,LucasX
